{
  "random_forest": {
    "0": {
      "precision": 0.9837962962962963,
      "recall": 0.9912536443148688,
      "f1-score": 0.9875108916642463,
      "support": 1715.0
    },
    "1": {
      "precision": 0.9712643678160919,
      "recall": 0.9476635514018692,
      "f1-score": 0.9593188268684958,
      "support": 535.0
    },
    "accuracy": 0.9808888888888889,
    "macro avg": {
      "precision": 0.9775303320561941,
      "recall": 0.969458597858369,
      "f1-score": 0.9734148592663711,
      "support": 2250.0
    },
    "weighted avg": {
      "precision": 0.9808164821910031,
      "recall": 0.9808888888888889,
      "f1-score": 0.9808074451461457,
      "support": 2250.0
    }
  },
  "logistic_regression": {
    "0": {
      "precision": 0.9100346020761245,
      "recall": 0.7667638483965015,
      "f1-score": 0.8322784810126582,
      "support": 1715.0
    },
    "1": {
      "precision": 0.5031055900621118,
      "recall": 0.7570093457943925,
      "f1-score": 0.6044776119402985,
      "support": 535.0
    },
    "accuracy": 0.7644444444444445,
    "macro avg": {
      "precision": 0.7065700960691181,
      "recall": 0.7618865970954469,
      "f1-score": 0.7183780464764784,
      "support": 2250.0
    },
    "weighted avg": {
      "precision": 0.8132759258861259,
      "recall": 0.7644444444444445,
      "f1-score": 0.778112496588786,
      "support": 2250.0
    }
  }
}