{
  "random_forest": {
    "0": {
      "precision": 0.9837962962962963,
      "recall": 0.9912536443148688,
      "f1-score": 0.9875108916642463,
      "support": 1715.0
    },
    "1": {
      "precision": 0.9712643678160919,
      "recall": 0.9476635514018692,
      "f1-score": 0.9593188268684958,
      "support": 535.0
    },
    "accuracy": 0.9808888888888889,
    "macro avg": {
      "precision": 0.9775303320561941,
      "recall": 0.969458597858369,
      "f1-score": 0.9734148592663711,
      "support": 2250.0
    },
    "weighted avg": {
      "precision": 0.9808164821910031,
      "recall": 0.9808888888888889,
      "f1-score": 0.9808074451461457,
      "support": 2250.0
    }
  },
  "xgboost": {
    "0": {
      "precision": 0.9826889786497404,
      "recall": 0.993002915451895,
      "f1-score": 0.9878190255220418,
      "support": 1715.0
    },
    "1": {
      "precision": 0.97678916827853,
      "recall": 0.9439252336448598,
      "f1-score": 0.9600760456273765,
      "support": 535.0
    },
    "accuracy": 0.9813333333333333,
    "macro avg": {
      "precision": 0.9797390734641351,
      "recall": 0.9684640745483775,
      "f1-score": 0.9739475355747091,
      "support": 2250.0
    },
    "weighted avg": {
      "precision": 0.9812861348503638,
      "recall": 0.9813333333333333,
      "f1-score": 0.9812223614137547,
      "support": 2250.0
    }
  },
  "lightgbm": {
    "0": {
      "precision": 0.9821119446047317,
      "recall": 0.9924198250728863,
      "f1-score": 0.9872389791183295,
      "support": 1715.0
    },
    "1": {
      "precision": 0.9748549323017408,
      "recall": 0.9420560747663551,
      "f1-score": 0.9581749049429658,
      "support": 535.0
    },
    "accuracy": 0.9804444444444445,
    "macro avg": {
      "precision": 0.9784834384532363,
      "recall": 0.9672379499196206,
      "f1-score": 0.9727069420306476,
      "support": 2250.0
    },
    "weighted avg": {
      "precision": 0.9803863883460205,
      "recall": 0.9804444444444445,
      "f1-score": 0.980328188147743,
      "support": 2250.0
    }
  }
}