{
  "random_forest": {
    "0": {
      "precision": 0.9831896551724137,
      "recall": 0.9978127734033246,
      "f1-score": 0.990447242726878,
      "support": 2286.0
    },
    "1": {
      "precision": 0.9926470588235294,
      "recall": 0.9453781512605042,
      "f1-score": 0.9684361549497847,
      "support": 714.0
    },
    "accuracy": 0.9853333333333333,
    "macro avg": {
      "precision": 0.9879183569979716,
      "recall": 0.9715954623319144,
      "f1-score": 0.9794416988383314,
      "support": 3000.0
    },
    "weighted avg": {
      "precision": 0.9854405172413793,
      "recall": 0.9853333333333333,
      "f1-score": 0.9852086038359298,
      "support": 3000.0
    }
  },
  "logistic_regression": {
    "0": {
      "precision": 0.9186476492340201,
      "recall": 0.7607174103237095,
      "f1-score": 0.8322565206987318,
      "support": 2286.0
    },
    "1": {
      "precision": 0.5058717253839206,
      "recall": 0.7843137254901961,
      "f1-score": 0.615046677649643,
      "support": 714.0
    },
    "accuracy": 0.7663333333333333,
    "macro avg": {
      "precision": 0.7122596873089704,
      "recall": 0.7725155679069529,
      "f1-score": 0.7236515991741874,
      "support": 3000.0
    },
    "weighted avg": {
      "precision": 0.8204069793576964,
      "recall": 0.7663333333333333,
      "f1-score": 0.7805605780530487,
      "support": 3000.0
    }
  }
}