{
  "by_salary": {
    "by_group": {
      "selection_rate": {
        "high": 0.047058823529411764,
        "low": 0.27706422018348625,
        "medium": 0.20707070707070707
      },
      "accuracy": {
        "high": 0.9941176470588236,
        "low": 0.9770642201834863,
        "medium": 0.9858585858585859
      },
      "precision": {
        "high": 0.875,
        "low": 0.9768211920529801,
        "medium": 0.9902439024390244
      },
      "recall": {
        "high": 1.0,
        "low": 0.9424920127795527,
        "medium": 0.9441860465116279
      },
      "f1": {
        "high": 0.9333333333333333,
        "low": 0.959349593495935,
        "medium": 0.9666666666666667
      }
    },
    "overall": {
      "selection_rate": 0.2288888888888889,
      "accuracy": 0.9822222222222222,
      "precision": 0.9805825242718447,
      "recall": 0.9439252336448598,
      "f1": 0.9619047619047619
    },
    "demographic_parity_difference": 0.2300053966540745,
    "demographic_parity_ratio": 0.1698480716790027,
    "passes_80_percent_rule": false
  },
  "by_department": {
    "by_group": {
      "selection_rate": {
        "RandD": 0.14414414414414414,
        "accounting": 0.29245283018867924,
        "hr": 0.272,
        "management": 0.12121212121212122,
        "marketing": 0.16793893129770993,
        "product_mng": 0.22077922077922077,
        "sales": 0.2329192546583851,
        "support": 0.22151898734177214,
        "technical": 0.2617801047120419,
        "unknown": 0.25274725274725274
      },
      "accuracy": {
        "RandD": 0.9819819819819819,
        "accounting": 0.9905660377358491,
        "hr": 1.0,
        "management": 0.9797979797979798,
        "marketing": 1.0,
        "product_mng": 0.9935064935064936,
        "sales": 0.9860248447204969,
        "support": 0.9683544303797469,
        "technical": 0.9685863874345549,
        "unknown": 0.9835164835164835
      },
      "precision": {
        "RandD": 1.0,
        "accounting": 1.0,
        "hr": 1.0,
        "management": 0.9166666666666666,
        "marketing": 1.0,
        "product_mng": 1.0,
        "sales": 0.9733333333333334,
        "support": 0.9714285714285714,
        "technical": 0.98,
        "unknown": 0.9782608695652174
      },
      "recall": {
        "RandD": 0.8888888888888888,
        "accounting": 0.96875,
        "hr": 1.0,
        "management": 0.9166666666666666,
        "marketing": 1.0,
        "product_mng": 0.9714285714285714,
        "sales": 0.9668874172185431,
        "support": 0.8947368421052632,
        "technical": 0.9074074074074074,
        "unknown": 0.9574468085106383
      },
      "f1": {
        "RandD": 0.9411764705882353,
        "accounting": 0.9841269841269841,
        "hr": 1.0,
        "management": 0.9166666666666666,
        "marketing": 1.0,
        "product_mng": 0.9855072463768116,
        "sales": 0.9700996677740864,
        "support": 0.9315068493150684,
        "technical": 0.9423076923076923,
        "unknown": 0.967741935483871
      }
    },
    "overall": {
      "selection_rate": 0.2288888888888889,
      "accuracy": 0.9822222222222222,
      "precision": 0.9805825242718447,
      "recall": 0.9439252336448598,
      "f1": 0.9619047619047619
    },
    "demographic_parity_difference": 0.17124070897655802,
    "demographic_parity_ratio": 0.4144672531769306,
    "passes_80_percent_rule": false
  }
}