{
  "random_forest": {
    "accuracy": 0.9808888888888889,
    "roc_auc": 0.9918258358082886,
    "cv_scores": [
      0.9984961209468869,
      0.9829433085570186,
      0.9879537116683944,
      0.9976001774288018,
      0.9970959061961764
    ],
    "optimal_threshold": 0.4491032049648161,
    "training_time": 1.5999081134796143
  },
  "xgboost": {
    "accuracy": 0.9813333333333333,
    "roc_auc": 0.9936699272499386,
    "cv_scores": [
      0.9979311716729661,
      0.9852987126609174,
      0.988429142435627,
      0.9977162781122947,
      0.9972577214693317
    ],
    "optimal_threshold": 0.7397562861442566,
    "training_time": 2.6055424213409424
  },
  "lightgbm": {
    "accuracy": 0.9804444444444445,
    "roc_auc": 0.9939129723985722,
    "cv_scores": [
      0.998328411194932,
      0.98452552499565,
      0.9878887688058601,
      0.9978578045391385,
      0.9972699802021465
    ],
    "optimal_threshold": 0.7832557422780854,
    "training_time": 1.368840217590332
  }
}