{
  "random_forest": {
    "accuracy": 0.9853333333333333,
    "roc_auc": 0.9923679883151861,
    "cv_scores": [
      0.9988229713393826,
      0.9849522486159817,
      0.9885694435254417,
      0.998054471132285,
      0.9977247791895751
    ],
    "optimal_threshold": 0.36902384396712373
  },
  "logistic_regression": {
    "accuracy": 0.7663333333333333,
    "roc_auc": 0.8234626308966281,
    "cv_scores": [
      0.8325926152621995,
      0.8273849347262966,
      0.8316429809018971,
      0.8301854425059612,
      0.661240951522841
    ],
    "optimal_threshold": 0.5775570856999271
  }
}