{
  "random_forest": {
    "accuracy": 0.9808888888888889,
    "roc_auc": 0.9918258358082886,
    "cv_scores": [
      0.9984961209468869,
      0.9829433085570186,
      0.9879537116683944,
      0.9976001774288018,
      0.9970959061961764
    ],
    "optimal_threshold": 0.4491032049648161,
    "brier_score_uncalibrated": 0.01920501063679289,
    "brier_score_calibrated": 0.02173707995844817,
    "accuracy_ci": {
      "mean": 0.9808288888888889,
      "std": 0.0028332688445819963,
      "lower": 0.9751111111111112,
      "upper": 0.9862222222222222
    },
    "roc_auc_ci": {
      "mean": 0.9917997252304865,
      "std": 0.0022940405962637925,
      "lower": 0.9866165033355757,
      "upper": 0.9958305519169801
    }
  },
  "logistic_regression": {
    "accuracy": 0.7644444444444445,
    "roc_auc": 0.8182828805754612,
    "cv_scores": [
      0.8409273002708451,
      0.8321184116691296,
      0.8328229804607759,
      0.8401333411754903,
      0.6665275300492188
    ],
    "optimal_threshold": 0.5417928052293087,
    "brier_score_uncalibrated": 0.18037835420707288,
    "brier_score_calibrated": 0.13676006032479965,
    "accuracy_ci": {
      "mean": 0.764072,
      "std": 0.008835570713154895,
      "lower": 0.748,
      "upper": 0.7813333333333333
    },
    "roc_auc_ci": {
      "mean": 0.8181058100262647,
      "std": 0.009238491793201884,
      "lower": 0.800543812447995,
      "upper": 0.8359744487552373
    }
  }
}