{
  "random_forest": 0.4491032049648161,
  "xgboost": 0.7397562861442566,
  "lightgbm": 0.7832557422780854
}