{
  "random_forest": 0.4491032049648161,
  "logistic_regression": 0.5417928052293087
}