{
  "random_forest": 0.36902384396712373,
  "logistic_regression": 0.5775570856999271
}